"episode","part","reviews","rating","length","release","description"
"0",0,49,3.5,24,2019-03-07,"Alla jafna sitja Helga og Kristín saman í stúdíóinu á meðan Birna hringir frá Reyðarfirði, en stundum sitja þær allar saman. Ískisur bregðast aldrei hlustendum sínum, því ef einhver forföll verða má alltaf búast við þætti með minnst tveimur Ískisum.

Farið verður yfir allar 47 bækurnar og söguhetjur og atburðir dæmdir út frá nútíma gildum. Í hverjum þætti verður tekin fyrir hálf bók og í lok hvers þáttar kynnir Helga okkur fyrir sinni helstu dægradvöl með innslaginu Net-kisa vikunnar. Nýir hlustendur hljóðbókanna á Storytel geta því verið samferða Ískisunum í lestrinum, en eins geta gamlir aðdáendur öðlast nýja sýn á þessar ástsælu sögur.

Ískisur taka hvorki ábyrgð á staðreynda- né málfarsvillum sem þær ýmist fara viljandi, en líklega óviljandi, rangt með.

Kisa vikunnar er læðan Fatso, Keyboard Cat hans Charlie Schmidt.

ÍSKISUR - pólitískt óréttsýnt hlaðvarp með léttu erótísku ívafi"
"1",1,18,3.8,54,2019-03-07,"Árið er 1581 og við erum stödd í Þrándheimi. Þar kynnumst við Silju Arngrímsdóttur, 17 ára, munaðarlausri stelpuskjátu, sem finnur tvö börn á vergangi í Þrándheimi. Hún er góð kona, hrein mey að sjálfsögðu, en með takmarkaða tilfinningalega nærgætni. Silja bjargar yfirburða fallegum manni, Hemingi fógetadrápara, frá pyntingum og dauða og sú björgun reynist einnig björgun hennar og barnanna.

Hversu langt er Silja tilbúin að ganga til að eiga færi á að koma við fjölskyldudjásn Hemings? Hver er dýrslegi maðurinn? Hvernig skilgreinir maður kynslóðaskipti í ættartrjám? Hvaðan kemur „kvik“ í kviknakin? Hvað er sjálfsþrýstingur? Bæta röðunarhæfileikar upp afspyrnuléleg heimilisþrif?

Kisa vikunnar er læðan Cher Man Mjá, hinn þögli meðlimur ÍSKISA.

ÍSKISUR - vísindalega þenkjandi og hræðilega málfræði hlaðvarpið

Ískisur er skemmtiþáttur þar sem þrjár vinkonur, Birna, Helga og Kristín, deila bókaklúbbnum sínum um Ísfólkið, létterótísku bókaseríuna sem tröllreið íslensku samfélagi á 9. áratuginum og sem nýtur gríðarlegra vinsælda hjá hlustendum Storytel í hljóð- og rafbókarformi. Alla jafna sitja Helga og Kristín saman í stúdíóinu á meðan Birna hringir frá Reyðarfirði, en stundum sitja þær allar saman.

Farið verður yfir allar 47 bækurnar og söguhetjur og atburðir dæmdir út frá nútíma gildum. Í hverjum þætti verður tekin fyrir hálf bók og í lok hvers þáttar kynnir Helga okkur fyrir sinni helstu dægradvöl með innslaginu Net-kisa vikunnar. Nýir hlustendur hljóðbókanna á Storytel geta því verið samferða Ískisunum í lestrinum, en eins geta gamlir aðdáendur öðlast nýja sýn á þessar ástsælu sögur."
"2",2,16,4.5,47,2019-03-07,"Spennan magnast á milli Silju og Þengils, ættforeldrum Ísfólksins. Abelóna frænka Benedikt kirkjumálara mætir á svæðið með akfeitu börnin sín og setur allt heimilislíf hjá Sunnu og félögum úr skorðum. Á endanum verður Silja að flýja Þrándheima með Þengli og börnunum tveimur og sækja skjóls í dal Ísfólksins.

En getur feitt fólk verið hamingjusamt ? Hvers vegna forðast Þengill Silju? Skilja draugar eftir sig spor í snjó ? Eru öll börn dímonar? Verða kofar aðframkomnir? Eru messur skemmtanir? Eru hurðir góðir siðgæðisverðir?

Kisa vikunnar eru instagram högnarnir Lulu og Farfor.

ÍSKISUR - Án aðdáenda eru þær einn og hálfur maður

Ískisur er skemmtiþáttur þar sem þrjár vinkonur, Birna, Helga og Kristín, deila bókaklúbbnum sínum um Ísfólkið, létterótísku bókaseríuna sem tröllreið íslensku samfélagi á 9. áratuginum og sem nýtur gríðarlegra vinsælda hjá hlustendum Storytel í hljóð- og rafbókarformi. Alla jafna sitja Helga og Kristín saman í stúdíóinu á meðan Birna hringir frá Reyðarfirði, en stundum sitja þær allar saman.

Farið verður yfir allar 47 bækurnar og söguhetjur og atburðir dæmdir út frá nútíma gildum. Í hverjum þætti verður tekin fyrir hálf bók og í lok hvers þáttar kynnir Helga okkur fyrir sinni helstu dægradvöl með innslaginu Net-kisa vikunnar. Nýir hlustendur hljóðbókanna á Storytel geta því verið samferða Ískisunum í lestrinum, en eins geta gamlir aðdáendur öðlast nýja sýn á þessar ástsælu sögur."
"3",1,8,4.9,50,2019-03-14,"Silja og Þengill og börnin þeirra lifa hamingjusömu lífi í dal Ísfólksins. En brátt steðjar hættan að og þau neyðast til þess að flýja með allt sitt hafurtask og steindu rúðuna líka! Nú eru góð ráð dýr fyrir kraftakvendið Silju - sem er ólétt í ofanálag.

En er Silja alveg glötuð týpa? Hversu mikill dólgur þarftu að vera til að ganga fram af Margit? Verðskulda kettir nöfn? Hvenær má stunda fjárkúgun? Vita mömmur alltaf best? Hversu ljót er Charlotte eiginlega?

Kisa vikunnar er sponsaðar kisunærbuxur.

ÍSKISUR - kisur eru ekki konur

Ískisur er skemmtiþáttur þar sem þrjár vinkonur, Birna, Helga og Kristín, deila bókaklúbbnum sínum um Ísfólkið, létterótísku bókaseríuna sem tröllreið íslensku samfélagi á 9. áratuginum og sem nýtur gríðarlegra vinsælda hjá hlustendum Storytel í hljóð- og rafbókarformi. Alla jafna sitja Helga og Kristín saman í stúdíóinu á meðan Birna hringir frá Reyðarfirði, en stundum sitja þær allar saman.

Farið verður yfir allar 47 bækurnar og söguhetjur og atburðir dæmdir út frá nútíma gildum. Í hverjum þætti verður tekin fyrir hálf bók og í lok hvers þáttar kynnir Helga okkur fyrir sinni helstu dægradvöl með innslaginu Net-kisa vikunnar. Nýir hlustendur hljóðbókanna á Storytel geta því verið samferða Ískisunum í lestrinum, en eins geta gamlir aðdáendur öðlast nýja sýn á þessar ástsælu sögur."
"4",2,8,4.4,57,2019-03-21,"Silja og Þengill eru orðnir bændur og landeigendur. Silja verður listmálarinn Arngrímur en nær aldrei almennilegum tökum á eldhúsverkunum. Þengill verður aðallæknir sveitarinnar með aðstoð villtu Sunnu sem reynir að vera þæg. En hvað verður um fjölskylduna þegar úlfur í sauðagæru kemur í heimsókn? Hvað gerir særingamaður? Gera skegg menn gamla? Hvað í ósköpunum gerir bartskeri? Hversu mikill draumafengur er Þengill? Hvað er kvíga?

Kisa vikunnar er töltandi högninn Mittens frá Ohio og meme-ið „your argument is invalid.“

ÍSKISUR - bjóða syndinni í kampavín

Ískisur er skemmtiþáttur þar sem þrjár vinkonur, Birna, Helga og Kristín, deila bókaklúbbnum sínum um Ísfólkið, létterótísku bókaseríuna sem tröllreið íslensku samfélagi á 9. áratuginum og sem nýtur gríðarlegra vinsælda hjá hlustendum Storytel í hljóð- og rafbókarformi. Alla jafna sitja Helga og Kristín saman í stúdíóinu á meðan Birna hringir frá Reyðarfirði, en stundum sitja þær allar saman.

Farið verður yfir allar 47 bækurnar og söguhetjur og atburðir dæmdir út frá nútíma gildum. Í hverjum þætti verður tekin fyrir hálf bók og í lok hvers þáttar kynnir Helga okkur fyrir sinni helstu dægradvöl með innslaginu Net-kisa vikunnar. Nýir hlustendur hljóðbókanna á Storytel geta því verið samferða Ískisunum í lestrinum, en eins geta gamlir aðdáendur öðlast nýja sýn á þessar ástsælu sögur."
"5",1,4,4,61,2019-03-28,"Sunna er frjáls og ákveður að fara í heimsókn til Dags, fósturbróður síns, í Danmörku á meðan Líf og Ari Þengilsbörn eru ennþá í Noregi. Sunna lendir fljótt í ævintýrum sökum hæfileika sinna og Dagur á sig allan við að hafa hemil á fóstursystur sinni.

Er Sunna blóðhundur? Hvað er í gangi á milli Lífs og Dags? Er barnaleikurinn Yfir bara undirbúningur fyrir brúðkaup? Skila leikrænir tilburðir sér í gegnum hlaðvörp? Hversu auðvelt er að ásaka konu um að vera norn? Hvað er sameiginlegt með nornum, vindverkjum og hungri? Er gamall og leiðinlegur hermaður betri en ungur og sætur hermaður? Hver þarfnast Sunnu?

Kisa vikunnar er Louis, högnin hans Nicholas Cage.

ÍSKISUR - Hvar er náttskugginn?!"
"6",2,4,5,60,2019-04-04,"Leit Sunnu að ástinni heldur áfram og hún finnur loksins leið til þess að komast til Blokksbergs þar sem hún hittir Myrkahöfðingjann. Ferð Sunnu um Skandinavíu er blóði drifin en fljótt fer glanslíf nornarinnar að hafa skemmandi áhrif.

Fór Sunna í trans? Munu ástir Sunnu og Jakobs brenna áfram eða koðna niður? Hver er aftur Meta? Mega uppeldissystkini giftast? Er Sunna eins vond og hún vill meina? Eru allar konur góðir innanhúsarktitektar? Er ljóta Charlotte meira aðlaðandi en fallega Sunna? Eru Blokksbergsferðir raunverulegar eða hugarbúningur uppdópaðra norna?

Kisa vikunnar er Garfield without Garfield.

ÍSKISUR - stöngin inn"
"7",1,5,4.8,60,2019-04-11,"Lífið heldur áfram hjá Ísfólkinu og ættin tekur að stækka. Nú eru barnabörn Þengils og Sunnu í sviðsljósinu ásamt Yrju, leikfélaga þeirra af Eikarbæ. Meta, stúlkan sem var sköpuð til þess að gleymast, kynnist ástinni og konungsfólkið í Danmörku leitar til Ísfólksins til að hemja krakkaskarann sinn.

Eru staurar góðar barnfóstrur? Er Yrja falleg, gróf en með mikið rótarkerfi? Eru afmælisveislur réttur vettvangur til vals á ættarnafni? Hversu eðlilegt er að ræða við ömmu um ást á frænda sínum? Er í lagi að frændsystkini stingi saman nefjum svo lengi sem þau kyssast bara? Skiptir útlit mestu máli við val á kennara? Hvernig fara fjölskylduráðstefnur fram?

Kisa vikunnar er „handicat“ högninn Rexie

ÍSKISUR - með geggjuð rótarkerfi"
"8",2,5,5,52,2019-04-18,"Ævi Sunnivu tekur snöggan enda þegar hún fæðir son sinn, Kolgrím Óskabarn. Sorgin heltekur Tarald sem á erfitt með að sætta sig við að barn þeirra fallegu Sunnivu beri illa arfinn og líti jafn illa út og vera ber. Á meðan bíður vanskapaða Yrja eftir því að ástin hennar taki eftir henni. Cesilja er flutt til Danmerkur og eyðir dögum sínum við að ala upp krakka konungs á meðan kvöldin hennar fara í að vingast við Alexander Paladin.

Hvernig getur serían haldið áfram þegar allir og amma þeirra eru dánir? Hversu húmorslaus geta ungabörn verið? Er leiðin að hjarta mannsins í gegnum klósettsögur? Er hægt að elska barn með þríhyrningslaga axlir? Hvort er verra, landráð eða samkynhneigð? Hvernig á kona að átta sig á að hún eigi ekki vonbiðil heldur samkynhneigðan besta vin? Eru öll börn fædd á jólanótt heilög?

Kisa vikunnar er kisu meme-ið „Sorry I’m busy.“

ÍSKISUR - trúa ekki á kynlíf innan hjónabands"
"9",1,5,5,32,2019-04-25,"Cesilja, dóttir Lífar og Dags, kemur heim til Danmerkur eftir viðburðarmikið frí í Noregi.
Cesilja er ólétt eftir prestinn Martin og nú eru góð ráð dýr. Á sama tíma er besti vinur hennar, Alexander Paladin, á leið fyrir dómara vegna samkynhneigðar. En Cesilja deyr ekki ráðalaus og finnur lausn á vandamálum þeirra beggja.

Finnur Cesilja fyrir frumubreytingum? Er Cesilja kraftaverkakona? Er Hans hans Alla? Hvernig má skipuleggja opið hjónaband? Hversu langt tafl er of langt tafl? Mega konur vinna menn í skák? Eiga konur að kunna mannganginn yfir höfuð? Hvaðan kom sinin? Hversu langrækinn er Brandur?

Kisa vikunnar er kisukallinn Freddie Mercury.

ÍSKISUR - hlaupa reglulega fram úr sér"
"10",2,4,5,43,2019-05-02,"Það eru erfiðir tímar framundan hjá Ísfólkinu. Cesilja missir barnið sitt á meðan Alexander Paladin er skotinn í bakið við hernað. Bræðurnir Þorri, Þrándur og Brandur Arasynir eru að berjast í sama stríði og laðar það fram illa arfinn í einum bræðranna.

Verður Alli ástfangin af Þorra? Hver bræðranna er með illa arfinn? Hvernig dettur maður um sig? Hvernig borgað maður í fríðu? Er eitthvað sem Cesilja getur ekki? Hver setur smjör á grautinn sinn? Er hægt að vera loðmæltur án fryggðar? Hversu gott er gott faðmlag?

Kisa vikunnar er Choupette, erfingi Karls Lagerfeld.

ÍSKISUR - Dæma aldrei!"
"11",1,6,5,52,2019-05-09,"Bræðurnir Kolgrímur og Mattías Taraldssynir eru eins ólíkir og bræður geta orðið og Kolgrímur á erfitt með að sætta sig við að yngri bróðir hans skuli erfa leyndardóma Ísfólksins. Þrátt fyrir ungan aldur tekur Kolgrímur til sinna ráða og lætur bróður sinn hverfa - á eins mannúðlegan hátt og hann ræður við. Ísfólkið syrgir yndislega góða Mattías og á erfitt með að trúa sakleysissvip Kolgríms - af góðri ástæðu!

Sagði Brandur of mikið? Getur kattaþrældómur skilað hagnaði? Hvort er verra að eiga barn sem er ekki fyndið eða barn sem finnst foreldrar sínir fyndnir? Er hægt að fylla upp í andlitið sitt með kinnum? Hvers vegna vill Þorri vera um kyrrt í Þýskalandi? Hver þarf öryggiskerfi þegar hann á járnbrynju? Er hægt að rekja ALLT til Margit Sandemo og Ísfólksins? Hvað er það sem allar konur kunna?

Kisa vikunnar eru belgískar blaðburðarkisur.

ÍSKISUR - eru með flæðilegan tíma!"
"12",2,4,5,47,2019-05-16,"Gabríela, dóttir Cesilju og Alexander Paladins, er óttalega misheppnuð stúlka sem enginn getur elskað - að eigin mati. Eftir að brúðguminn yfirgefur hana rétt fyrir brúðkaupið flýr Gabríela til Noregs til ömmu sinnar, Lífar, og hjálpar henni, Kaleb og Mattíasi að opna barnaheimili.

Eru flatbrjósta konur alveg glataðar? Væri saga Ísfólksins önnur ef Þorri hefði fundið upp lýtalækningar í stað sótthreinsunar? Er sönn ást að tosa í hár? Hver er hinn raunverulegi illi arfur Ísfólksins? Hvað er upp á lofti heima hjá Líf? Er Ísfólkið nær barnaefni eða japönsku hryllingsefni?

Kisa vikunnar er samhverfa kisan TacocaT.

ÍSKISUR - með tilfinningalega nærgætni á við naut!"
"13",1,3,4.3,45,2019-05-23,"Bók númer sjö, Draugahöllin, fjallar um hinn tvíbura Cecilju, Þráinn. Líkt og flestir ungir menn upplifir hann sterkt að lífið sé núna. Þegar móðir hans sendir hann út í sveit í nokkra mánuði til að forða honum frá því að lenda illa undir í pólitík finnst honum sem að lífi hans sé lokið. En sveitarsælan er ekki öll sem sýnist!

En hver er Molly? Býr draugur í Draugahöllinni eða er það norn? Hver er Stjarna Tréstjarna? Hversu nefmæltur er hægt að vera? Hvenær er tímabært að nota ferskju eða rækju tjákn í bréfaskriftum?

Kisa vikunnar er Salem Saberhagen.

ÍSKISUR - BOLLYYYYYYYYYYYYYY"
"14",2,4,4.8,43,2019-05-30,"Í seinni hluta Draugahallarinnar hafa nokkur ár liðið frá því að morðið á Molly var upplýst og við fylgjum Jessíku Cross þar sem hún vinnur sem barnfóstra Kristínar Munk. Jessíka verður sífellt veikari en veigrar sér við að kvarta því hún vill ekki íþyngja neinum. Þráinn, sem er orðinn hermaður, hittir Jessíku við störf sín og tekur fljótt eftir því að ekki er allt sem sýnist.

Hver er Ella??? Er helsta dánarsök kvenna þögnin? Nær Þráinn að bjarga Jessíku? Hvert er leyndarmál Þráins? Geta karlmenn gengið með börn?

Kisa vikunnar er geishu kettir.

ÍSKISUR - Hans Hans? Hans Hans! Hans, Hans, Hans, Hans, Hans, Hans, Hans"
"15",1,4,5,43,2019-06-06,"Í þessari bók kynnumst við Hildi, dóttur aðstoðarmanns böðulsins sem býr í nágrenni við Lindigarð og Grásteinshólma. Hún dregst inn í æsispennandi morðrannsókn þar sem Ísfólkið liggur allt undir grun.

En af hverju heitir bókin aðstoðarmaður böðulsins? Eru til varúlfar? Hversu góður er Matthías? Mega þeir sem ganga í svefni giftast? Hvenær verður fundur að ráðstefnu? Hvar er best að fela líkin sín?

Kisa vikunnar er Princess Kitty, köttur Einstein.

ÍSKISUR - á grafarbakkanum"
"16",2,4,5,50,2019-06-13,"Í seinni hluta Dóttur böðulsins komumst við að því hver myrti og gróf konurnar fjórar. Hilda aðstoðar við að leysa sakamálið en setur sjálfa sig í mikla hættu við það. Á sama tíma er Hilda flækt í erfiðan ástarþríhyrning en hún áttar sig þó fljótt á því hvert hjarta hennar raunverulega leitar.

En sér Matthías í myrkri? Hvernig var Tinder í gamla daga? Hvernig bakkar maður aftur á bak? Hjálpa ástarbréf manni að takast á við morðákæru? Er viðeigandi að ræða bólferðir barna sinna við væntanlega maka þeirra?

Kisa vikunnar er Oatmeal úr Russian Doll.

ÍSKISUR - liggja fyrir grun"
"17",1,3,3.7,62,2019-06-20,"Níunda bókin um Ísfólkið fjallar um týnda son Þorra, Mikael Lind af Ísfólkinu. Mikael er einstæðingur sem hefur misst flesta nána fjölskyldumeðlimi en var tekinn í hálfgert fóstur af uppeldissystur sinni. Mikael giftist ungur franskri hefðardömu en er sendur í stríð strax að loknu brúðkaupi. Eftir mörg erfið ár í stríðinu endar Mikael í Líflandi þar sem arfur Ísfólksins virðist gera vart við sig.

Eru vel valin nöfn lykillinn að langlífi? Hver er munurinn á Þorra, Þráni, Þrándi og Þengli? Er ofmetið að þekkja makann sinn? Hversu rómó er mykja? Eru blá augu merki um gott eðli? Eru ömmur alltaf með ráðabrugg? Hvað er yfirskilvit?

Kisa vikunnar er Starecat.

ÍSKISUR — við þekkjum ekki þetta fólk….."
"18",2,3,4.7,56,2019-06-27,"Í seinni hluta Einfarans sjáum við Mikael hægt og rólega missa lífsvilja sinn og vit. Mikael er sendur heim til Svíþjóðar þar sem stríðið og vera hans í Líflandi hefur aukið vanlíðan Mikaels til muna. Þar fær Mikael loks tækifæri til þess að kynnast konu sinni og barni en hugur hans leitar stöðugt annað.

Mega bara verkfræðingar höggva tré? Er SMS-menningin alveg að taka yfir hjá Ísfólkinu? Hefði Margit átt að fylgja Survivor uppskriftinni og vera með reglulegar upprifjunarbækur?

Kisa vikunnar eru kisumyndasögur Elínar Elísabetar.

ÍSKISUR — mega höggva tré"
"19",1,3,5,59,2019-07-04,"Í tíundu bókinni um Ísfólkið kynnumst við loksins Villimey sem stelpurnar hafa beðið lengi eftir. Villimey er ein þriggja frændsystkina sem eru með gul augu en hún virðist ekki hafa neina aðra hæfileika Ísfólksins en að koma sér í vandræði.

Eru stelpurnar team Sunna eða team Villimey? Er Villimey með athyglisbrest? Er Villimey gott stripparanafn? Er vond lykt af vondum mönnum? Eldar eldar eða eldar Eldar ekki? Var söguþræði West Side Story stolið frá Margit? Er sælla að stela en að þiggja?

Kisa vikunnar er Chairman Meow.

ÍSKISUR - vaða úr einu í annað!"
"20",2,2,5,59,2019-07-11,"Í seinni hluta Vetrarharkanna fylgjum við áfram ævintýrum Villimeyjar og komumst að því að Villimey sér mikið eftir að hafa ekki tekið betur eftir húsverkunum fyrir tíma sinn í Tóbrunni. Eldar og Villimey vinna í þágu uppreisnarinnar með afdrifaríkum afleiðingum.

Er hægt að vera villt mey? Er Villimey sérstök? Stal J.K. Rowling „the dark mark“ frá Margit? Hversu lengi getur Kristín haldið út að bera fram Villimey sem Ville-mej? Eru börn sérstaklega góð í að plægja akra? Er alltof lítið um dvergaþrælkun? Dugar Crock-Pot sem seiðpottur? Er til woke fólk út á landi?

Kisa vikunnar eru drekakisur.

ÍSKISUR - þrá drauga"
"21",1,5,4.2,55,2019-07-18,"Í elleftu bókinni um Ísfólkið fylgjum við Villimey áfram. Villimey er komin heim til sín en á mjög erfitt með að aðlagast venjulegu lífi sökum ástarsorgar sinnar. Villimey eyðir dögum sínum heima í rúminu sem reynist vera hennar lífsbjörg. Við komumst nefnilega fljótt að því að einhver vill Villimey feiga!

Er Margit lélegur rithöfundur eða eru Ískisur kannski lélegir lesarar? Hvern elskar Villimey raunverulega? Hvað eru frændsystur og frændbræður og hvernig er það öðruvísi en frænkur og frændur? Ættu Ískisur að skrifa Ísfólks fanfiction til þess að „laga“ bækurnar?

Kisa vikunnar er genghis kött.

ÍSKISUR - Lengi lifi frjálsur Noregur!"
"22",2,3,5,56,2019-07-25,"Í seinnihluti elleftu bókarinnar um Ísfólkið byrjum við hjá Dominic sem hefur fundið Villimey, ástina sína og frænku, en henni hafði verið rænt af Woller bóndanum. Líkt og Villimey er einni lagið er hún í miklum lífsháska, en munu hæfileikar Dominics og Villimeyjar verða þeim til bjargar?

Hversu kvefuð er Villimey? Hver er vítahringur lífsins? Hver er hin víðfrægi Dong Jóhann? Hvað er ást milli frændsystkina? Er Dominic ekkert nema loðin bringan? Er neikvætt samband milli illa arfsins og trúrækni?

Kisa vikunnar eru toxoplasmosis gondii.

ÍSKISUR - þú veist það!"
"23",1,3,5,47,2019-08-01,"Í tólftu bókinni um Ísfólkið, Ást í meinum, fjöllum við áfram um Villimey. Í lok síðustu bókar, Blóðhefndar, lærðum við að Villimey og Dominic fengu ekki að giftast en Villimey hefur ákveðið að láta fjölskylduna ekki stöðva áætlanir sínar. Villmey stofnar lífi sínu og annarra í hættu fyrir ástina og sýnir enn og aftur að hún stendur vel undir nafni.

Eru þríhyrningslaga afsprengi Satans betri ef þau eru búin til af ást? Er gáfum sóað í konur? Er mögulegt að halda túrbaninum sínum þurrum á meðan maður syndir? Skiptir aukakjóll meira máli en að vera með skó? Er sund á Eyrarsundi? Hvaðan eru Skánverjar? Er Villimey þjóðremba þegar hún háttar sig? Hvernig hátta þjóðrembur sig?

Kisa vikunnar er japanska scottisfold Ojarinn.

ÍSKISUR - Ástir og ættarmót"
"24",2,4,5,47,2019-08-08,"Í seinni Ástar í meinum fylgjum við Villimey og Dominic þar sem þau reyna að komast aftur heim í gegnum stríðshrjáð svæði. Kærustuparið/frændsystkinin hafa misst alla hermennina sem fylgdu þeim í upphafi en með aðstoð liðinna fjölskyldumeðlima nær Villimey enn og aftur að bjarga deginum (samt ekki Degi Meiden). En hættan er alltaf handan við hornið hjá Villimey sem nær á óskiljanlegan hátt að enda í prísund sjóræninga, situr föst á eyðieyju hálfan vetur og finnst að lokum kasólett á fátækrahæli í norður Noregi.

Eru baðferðir almennt lífsbjargandi? Þarf alltaf upplýst samþykki áður en maður les hugsanir? Er realismi mikilvægur í rómantískum skáldsögum?

Kisa vikunnar er sphynxinn Loki.

ÍSKISUR - eru alltaf á sitthvorum hestinum"
"25",1,2,5,59,2019-08-15,"Í þrettándu bókinni um Ísfólkið fáum við loksins að vita tilgang Villimeyjar, Nikulásar og Dominics. Á Noreg herjar skrímsli sem drepur menn án þess að hika, en enginn skilur fyllilega hvernig skrímslið drepur. Skrímslinu er lýst sem risastórri veru með þríhyrningslaga axlir og skásett gul augu - útlit sem Ísfólkið þekkir mætavel!

Er Villimey áhrifavaldur eða almannatengill? Er óvanalegt að ófreskjur séu með tvo fætur? Vilja ófreskjur vegan mat? Er Djarfur gott stripparanafn? Hversu djarfur er Djarfur?

Kisa vikunnar eru kisumyndir Arna Miller.

ÍSKISUR - týna orðum"
"26",2,3,5,58,2019-08-22,"Í seinni hluta þrettándu bókar um Ísfólkið fylgjum við Villimey, Dominic og Nikulás áfram þar sem þau reyna að temja skrímslið Úlfhéðin. Elísa, aðstoðarkona frændsystkinanna, heillast af frumeðli skrímslisins en sér hið góða í honum. Verður þessi hrifning henni að falli?

Hverra manna er Úlfhéðinn eiginlega? Verður Kristín rekin úr hlaðvarpinu fyrir að svindla? Er Noregur stútfullur af Ísfólki? Eru allir sem eru ljótir með illa arfinn eða getur ljótt fólk líka verið gott?

Kisa vikunnar eru Grumpy Cat og uppstoppaður dróna-kisi.

ÍSKISUR - með krónískan óþægindahroll"
"27",1,3,3.3,51,2019-08-29,"Fjórtánda bókin um Ísfólkið fjallar um hinn viðkvæma Tristan Paladin, sem hefur átt erfiða ævi síðan hann var forfærður af illkvendinu Guðrúnu frá Svartaskógi. Afleiðingarnar af stuttum kynnum þeirra reyndust ævilangar og plaga hann daglega. En þegar hann kynnist Hildigerði og með þeim tekur náin vinátta, tekur líf hans miklum skakkaskiptum.

Eru bjúgaðar konur mikilvægustu partýgestirnir? Finnur Povl sjálfan sig? Er hægt að vera með hita ef maður er grár?

Kisa vikunnar eru kettir frá miðöldum.

ÍSKISUR - mjóar inn við beinin"
"28",2,4,3.5,67,2019-09-05,"Í seinni hluta fjórtándu bókarinnar um Ísfólkið fáum við að vita að lífið er orðið ansi erfitt í Noregi, sérstaklega fyrir Úlfhéðinn. Hann er eftirlýstur vegna morðanna sem hann hefur framið en hefur snúið við blaðinu og er orðinn virtur faðir og eiginmaður. Villimey og Dominic ákveða að fara með Úlfhéðin til Danmerkur til Tristans til þess að bjarga honum frá laganna vörðum, en þar lenda þau í hinum ótrúlegu aðstæðum.

Getur maður verið kas-kó? Hverra manna er Úlfhéðinn? Getur Helga virkilega haft rétt fyrir sér?

Kisa vikunnar eru kisur og Drake.

ÍSKISUR - sýna enga miskunn"
"29",1,5,5,72,2019-09-12,"Sögusvið Ísfólksins breikkar í bókinni Austanvindur og færir okkur bæði til Moskvu og Síberíu. Í bókinni fylgjum við hinum unga Vendli sem fer í stríð og endar sem stríðsfangi Síberíu. Ferðalagið reynist viðburðarríkt en Vendill lendir meðal annars í því að verða ástsjúkur eltihrellir með pyngju að vopni, kynnist ættbálkum sem búa við erfiðar aðstæður í Síberíu, fer á fyllerí og býðst úrval kvenna.

Eru ósinntar konur stórt vandamál í nútímasamfélagi? Eru eltihrellar einhvern tímann krúttlegir? Hvenær er viðeigandi að skila gjöf?

Kisa vikunnar er Colonel Meow. ÍSKISUR - skála alltaf í botn"
"30",2,2,5,43,2019-09-19,"Í seinni hluta Austandvinds ber til stórtíðinda þar sem leyndardómur um forföður Ísfólksins, Þengil hinn illa, eru afhjúpaður. Við höldum áfram að fylgjast með Vendli sem er farinn að þrá að komast aftur heim til mömmu sinnar eftir margra ára aðskilnað. Leiðin heim er þó ekki greið þar sem í vegi hans standa meðal annars fimm ókvæntar konur, álög og ósætti milli ættbálka.

Er Vendill með forgangsröðun sína á hreinu? Hvenær verða miðilsfundir óviðeigandi? Má leysa úr öllum deilum með góðri fundarstjórn og partýi?

Kisa vikunnar er OwlKitty.

ÍSKISUR - gera gott partý betra

"
"31",1,3,4.3,62,2019-09-26,"Í sextándu bókinni um Ísfólkið kynnumst við Ingunni og Dan Lind. Bæði eru ákaflega vel
gefin en aðeins Dan fær tækifæri til þess að nýta hæfileika sína. Ingunn er klár, falleg og með illa arfinn enda er henni iðulega líkt við frænku sína Sunnu. En þegar Ingunn og Úlfhéðin gera bæði tilkall í galdradót Sunnu vandast málin.

Er I-ið gott nafn á stúlku? Hvernig er maður hættulega fallegur? Eru það örlög Ísfólksins að verða alltaf ástfangin af skyldmennum sínum? Treystir Ísfólkið Úlfhéðni of mikið? Ætti Ísfólkið að kynna sér deilihagkerfi til að vænka fjárhaginn? Er Alrúnin lifandi?

Kisa vikunnar er SprengjuKisi.

ÍSKISUR - Eru sóun á gáfum"
"32",2,4,5,74,2019-10-03,"Í seinni hluta sextándu bókarinnar um Ísfólkið komumst við að því að I-ið er ólétt eftir frænda sinn. Hún ákveður að drífa sig í að giftast til að fela þetta vandamál sitt en eins og svo oft áður þá hafa forlögin aðra hluti í huga fyrir Ísfólkið.

Hvenær heitir einhver of mörgum nöfnum til þess að maður nenni að muna það? Var Rottufangarinn frá Hameln af Ísfólkinu? Notaði Margit Ísfólkssögurnar til að fá útrás fyrir skömminni yfir að hún þreif ekki nógu mikið? Er hægt að vera þrefaldur vatnsberi? Er Dvergur gott drengjanafn?

Kisa vikunnar er Loki The Vampire Cat.

ÍSKISUR - eru með mjög fallega forfæringakálfa"
"33",1,4,3.8,58,2019-10-10,"Í fyrri hluta sautjándu bókar um Ísfólkið fylgjum við Daníel með alrúnina, hinni
útvöldu Shiru, Íróvar pabba hennar, álagabarninu Mar og kvennabósanum Míló, í leit að lífsins lindum. Á leið sinni lendir hópurinn í ýmsum ævintýrum t.d. festast í sprungu, stöðva strokufanga og funda með guðinum Shama.

Er best að mæta örlögum sínum í sparifötum? Hvernig hleðst kona? Er ómögulegt að elska og vera með hreina sál? Má Daníel vera memm eða ekki?

Kisa vikunnar er Sphynxinn Loki og kattarassabling. ÍSKISUR - geta stöðvað tímann!"
"34",2,1,5,61,2019-10-17,"Í seinni hluta sautjándu bókarinnar um Ísfólkið fer Shiva í gegnum þrautir í helli lífsins linda með kyndil Mars að leiðarljósi. Á leið sinni er Shiva neydd til að gera upp fortíðina þar sem innræti hennar er dæmt í smáatriðum bæði eftir því sem hún gerði viljandi og óvart. Ástin sigrar (eða tapar) að lokum.

Hvers eiga fallegar konur að gjalda? Hvenær er óhætt að gera góðverk? Er best að ættleiða áður en maður byrjar að deita?

Kisa vikunnar er skrifstofukisi.
ÍSKISUR - Keppa ávallt til sigurs."
"35",1,3,4.7,61,2019-10-24,"Í fyrri hluta átjándu bókarinnar um Ísfólkið kynnumst við Vermundi, Brósa og Karínu. Aðalsöguhetjan er Elísabet Paladín sem er af Ísfólkinu og er ekki tilbúin að elta hefðbundna tískustrauma sem náfólki hennar líkar misilla. Fjölskylduharmleikur, ástarþríhyrningur, heilabilun og ættleiðing, hvað er hægt að biðja um meira?

Hvað er verra en kona sem púðrar sig ekki? Er best að skipuleggja framhjáhald fyrir hjónaband? Hver er Búbí?

Kisa vikunnar er Pusheen.

ÍSKISUR - ávallt með hárkollu og púðu"
"36",2,4,4.5,63,2019-10-31,"Í seinni hluta átjándu bókarinnar um Ísfólkið kemur meðal annars sannleikurinn um Tark fjölskylduna í ljós og trúlofun verður rofin. Við fylgjumst með Elísabetu og tengdamömmu hennar takast á um búningaval. Karína virðist vera að ná upp fyrri heilsu, þó ekki séu allir ánægðir með það. Búningaball Tark fjölskyldunnar endar svo í hálfgerðum farsa þar sem öll óútkljáð mál koma upp á yfirborðið.

Hvernig tré eru best til að að eiga náin kynni með? Er mögulegt að vera nakin í stuttum bol? Hverjir eiga að vera í stíl á grímuballi?

Kisa vikunnar eru kisur í grímubúning.

ÍSKISUR - vita allt um hvað hjón gera í einrúm"
"37",1,1,5,72,2019-11-07,"Í fyrri hluta nítjándu bókarinnar um Ísfólkið hefst raunarsaga álagabarnsins Sölva. Sölvi er myndarlegur, frakkur og kvensamur en þegar líður á tekur hið illa yfir líf hans. Við munum fá að sjá að Sölvi svífst einskis og er tilbúinn að fórna öllu fyrir frægð og frama, hvort sem það er hin saklausa Renata Wiesen, sendiherra eða Heikir sonur hans.

Eru woodoo dúkkur lausn á öllum vandamálum? Hver hefur ekki stungið undan kennara sínum? Er búrnotkun viðurkennd uppeldisaðferð?

Kisa vikunnar er Larry the Cat (of 10 Downing Street).

ÍSKISUR - fá alveg stundum móral"
"38",2,5,4.2,63,2019-11-14,"Í seinni hluta nítjándu bókarinnar um Ísfólkið kynnumst við fátæku jómfrúnni Elenu og Mílan vonbiðli hennar. Sölvi girnist Elenu en villl henni ekkert gott. Elena laðast að Sölva sem felur stórt leyndarmál í búri heima hjá sér en kemur upp um sig þegar Elena býðst til að þvo þvottinn hans.

Hver er náttfarinn? Er alrúnakast góð reiðistjórnunaraðferð? Hvort er betra að vera vond-ljótur eða góð-ljótur?

Kisa vikunnar er draugur Paddles.

ÍSKISUR - megum við þvo þvottinn þinn?"
"39",1,2,5,74,2019-11-21,"Sögusvið tuttugustu bókarinnar um Ísfólkið, Hrafnsvængir, hefst í Dauðaskógi í Transylvaníu. Í fyrri hluta bókarinnar fylgjumst við með leyndardómsfullum frænkum heilla franska aðalsmenn í kastalann sinn. Heikir dafnar vel hjá fósturfjölskyldu sinni en Ísfólksblóðið kalla hann á heimaslóðir, til Grásteinshólma. Á leið sinni hittir hann Pétur, galdramann, og Mýru og saman villast þau inn í örlagaríka Dauðaskóg.

Eiga hrafnar sig sjálfir? Hvers vegna gista allir á krá? Af hverju eru allir mennirnir svona ljótir? Hvað tekur mann langan tíma að verða ástfanginn? Hvers þarf Mýra að gjalda? Á hún hest skilinn? Er brókarsótt smitandi?

Kisa vikunnar er kisa sem horfir fallega á þig.

ÍSKISUR - í fullri reisn."
"40",2,2,5,63,2019-11-28,"Í seinni hluta tuttugustu bókarinnar um Ísfólkið fylgjumst við áfram með Heiki og baráttu hans fyrir vini sínum honum Pétri. Pétur er fallinn fyrir Nicolu sem er haldið fanginni í kastala af frænku sinni. En eins og svo oft áður hjá Ísfólkinu þá er ekki allt sem sýnist.

Er ósýnilegur vinur verri en sýnilegur vinur? Eru dillandi mjaðmir einkenni uppvaknings? Eru ólík áhugamál lykillinn að velgengni í sambandi uppvakninga? Hvað eru andlegar vampírur? Getur maður fengið áunna uppvakningssýki eða er hún meðfædd? Væru Ískisur betri uppvakningar en Anciol?

Kisa vikunnar er um hvernig maður gerir köttinn sinn frægan á internetinu.

ÍSKISUR - Vita lítið – enda aldrei búið í búri."
"41",1,3,5,50,2019-12-05,"Í fyrri hluta 21. bókarinnar um Ísfólkið kynnumst við Gunnhildi sem býr við ömurlegar aðstæður. Ofsatrúaður faðir hennar beitir hana og móður hennar miklu ofbeldi. Í lífi Gunnhildar eru þrír menn sem hafa mikil áhrif á hana, æskuvinurinn Erlendur, „gamli“ kallinn Arfur Grip úr Ísfólksættinni og hinn ofurljóti Heikir Lind af Ísfólkinu. En eins og svo oft gerist í Ísfólksbókunum þá er ekki allt sem sýnist!

Hvenær er eiginlega óttubil? Er fólk í blokkaríbúðum í Breiðholti sérstaklega hrætt við blokkflautur? Má halda framhjá ef makinn er með bumbu? Er betra að lemja í krít? Er viðeigandi að horfa í klof biðils þegar hann er að biðja manns? Bætir góðleg og þýð rödd upp fyrir að vera ljótur? Er helsti kostur jólanna að maður sér ekki ljóta fólkið fyrir hátíðarhöldunum?

Kisa vikunnar eru vikulegir Buzzfeed kisupóstar.

ÍSKISUR - Sprengja bombur í beinni"
"42",2,4,5,72,2019-12-12,""
"43",1,4,4.5,57,2019-12-19,"Í fyrri hluta 22. bókarinnar um Ísfólkið fylgjum við för Heikis til Noregs til að endurheimta ættaróðöl Ísfólksins, Grásteinshólma og Elíbakka. Vinga, frænka Heikis, sem var síðasti erfingi búanna, hvarf á grunsamlegan hátt og Heikir er staðráðinn í að finna hana.

Er félagsskapur geitar betri en enginn? Hversu auðvelt er að taka ekki eftir að einhver sé að vinna húsverkin fyrir mann? Er í lagi að fara berbak á hestbak á Heiki? Mun Vinga geta þagað yfir gríðarstóra Ísfólksleyndarmáli Heikis?

Kisa vikunnar er Snoopy cat.

ÍSKISUR - Eru gullfallegar … ef þú fílar skrímsli."
"44",2,4,4.5,55,2019-12-26,"Í seinni hluta 22. bókarinnar um Ísfólkið berjast Heikir og Vinga saman til að vinna aftur ættaróðalið Elíbakka. Í harðri baráttunni þurfa þau að eiga við slóttugan lögfræðing og dómara en biðin eftir 18 ára afmæli Vingu reynist þeim ekki síður erfið.

Verða Ískisur vinkonur áfram eftir að þær klára að lesa bækurnar? Eru ömmur almennt hlaðverplar? Má fara nærbuxnalaus í kaupstaðarferð? Mun næsta Ískisubarn vera skírt í höfuðið á einhverjum í Ísfólkinu? Má fólk eyða öllum peningunum sem það fær að gjöf eða er það skuldbundið til að skila afgangi?

Kisa vikunnar er jólakötturinn.

ÍSKISUR - Staðfestir fráhrifavaldar."
"45",1,6,4.2,60,2020-01-02,"Í fyrri hluta 23. bókarinnar um Ísfólkið ákalla Heikir og Vinga „gráa fólkið“ til aðstoðar við að endurheimta Grásteinshólma. Þau komast að því að það er enginn hægðarleikur að nálgast „gráa fólkið“ og kallar það bæði á mikinn undirbúning og athöfn.

Má skilja út undan þegar verur úr öðrum víddum eru ákallaðar? Hvort er öfundsýki eða þrýstingur betra upphaf að sambandi? Er einhvern tímann sniðugt að daðra við alla karlmenn? Hvað er þróuð erótík?

Kisa vikunnar er áramótakisi.

ÍSKISUR - Ávallt til í að fórna sér … á vorin."
"46",2,4,5,73,2020-01-08,"Í seinni hluta 23. bókarinnar um Ísfólkið fylgjumst við með „gráa fólkinu“ hrekja burt ábúendur Grásteinshólma með draugagangi. Snivel, ábúandi Grásteinshólma reynir án árangurs að særa illu andanna í burtu á meðan Heikir og Vinga skipuleggja brúðkaup.

Er eðlilegt að hugsa um kynlíf í miðju trúnói? Verður maður miðaldra og leiðinlegur 18 ára? Hvort er erfiðara að reka illa anda úr húsum eða konum? Hversu mikið verra er að ráðast á spariklædda konu en konu í hversdagsklæðnaði?

Kisa vikunnar er vöfflukisi.

ÍSKISUR - unglegar í rétta kjólnum."
"47",1,4,5,67,2020-01-16,"Í fyrri hluta 24. bókarinnar um Ísfólkið kynnumst við Önnu Maríu, sonardóttur Ingelu sem er föðursystir Heikis. Anna María hefur misst foreldra sína og er einstæð en vill ekki vera byrði á fjölskyldu sinni og velur því að flytjast á „ystu heiði“. Hún velur sér námubæ milli skógar og sjávar og gerist kennari námuverkamannabarna. Val hennar á bænum er engin tilviljun, því Anna María er yfir sig ástfanginn af eiganda námunnar, Adrian Brandt.

Hvernig getur bær legið mitt á milli sjós og fjöru? Eru helstu kostir Reykjavíkur þeir að það eru engar klappir til að njósna af? Er leið karlmanna að hjörtum kvenna að elta þær í hópum? Eða nægir að kasta steinum í glugga þeirra og flissa? Má maður sýna mönnum áhuga ef maður er fínni en þeir? Er Adrian grunlaust tól eða veit hann meira en lætur uppi? Er Nils sönnun þess að karlar slúðra jafn mikið og konur?

Kisa vikunnar er Venus the Two-Faced Cat.

ÍSKISUR - Góðar en grófar"
"48",2,5,5,68,2020-01-24,"Í seinni hluta 24. bókarinnar um Ísfólkið sjáum við Önnu Maríu umbylta litla rólega námubænum þegar hún skellir í heljarinnar helgileik á meðan hún berst við eigin tilfinningar vegna bónorðs sem hún vill ekki og eigin meðvirkni. Á sama tíma verður Heikir var við að Þengill hinn illi er að bærast og hann fær þau skilaboð að einhver frændsystkinanna eru við það að vekja hann.

Fær einhver illt í magann? Hvernig Benz-ar maður fólk? Eru Belgar sexí? Er alltaf möst að fá smá hygge? Snýst bakstur eingöngu um veðurfræði? Eru karlmenn verri ef þeir hafa ekki áhuga á vændiskonum? Eru syngjandi börn betri en önnur börn?

Kisa vikunnar er Hamilton the Hipster Cat.

ÍSKISUR - aldrei á bekknum!"
"49",1,4,5,71,2020-01-30,"Í fyrri hluta 25. bókarinnar um Ísfólkið fylgjum við Þulu sem er falleg, þybbin og skapgóð ung stúlka á yfirborðinu. En í raun er hún slóttug, klók og svífst einskis. Á unglingsárunum fjarlægist hún fjölskyldu sína meir og meir og eina sem getur bjargað Þulu er hjálp frá ættingjum, lífs og liðnum.

Hvar eru öll dýrin sem örlagabörnin hafa elskað? Geta konur og önnur dýr ráðið við sig á fengitíma? Hvort laðast Þula að karlmanninum eða blokkflautunni? Er alltaf slæmt að muna ekki drauma sína? Verður drasl þegar andar slást innandyra?

Kisa vikunnar eru blak kisur.

ÍSKISUR - Fara gjörsamlega í hnút"
"50",2,4,4.8,58,2020-02-06,"Í seinni hluta 25. bókarinnar um Ísfólkið er Þula komin til Noregs með Heiki og Vingu en um leið og hún stígur fæti inn í Grásteinshólma kemur hún upp um leyndarmál sitt. Heikir er staðráðinn í að kenna Þulu að berjast gegn illu öflunum en það er alls óvíst hvort Þulu sé viðbjargandi. Þula dulbýr sig sem strák á leið til Svíþjóðar þegar henni er ekki óhætt lengur á Grásteinshólma og reynist heimferðin allt annað en auðveld.

Eru þybbin og sæt börn guðsbörn? Getur þybbið fólk verið vont og göldrótt? Missir maður meydóminn við að sofa hjá dímonum? Eru allir og amma þeirra æstir í Þulu? Hvort er Þula heitari sem kona eða karl? Hvenær er íbúð of skítug fyrir einnar nætur gaman?

Kisa vikunnar er blak-kisa.

ÍSKISUR - ferðast ávallt sem karlar."
"51",1,4,5,48,2020-02-13,"Í fyrri hluta 26. bókarinnar um Ísfólkið fylgjumst við með strembnu ferðalagi Eskils til Eldisfjarðar. Þegar Eskill kemst loksins á áfangastað leigir hann hús af Torfa, sem býr með ekkjunni Sólveigu og veika syni hennar Jólinn. Þegar líður á dvölina kemur í ljós að ekki er allt sem sýnist og Eskill er í mikilli hættu.

Var leiguveldi Torfa upphaf Airbnb markaðsins? Er fjársóðurinn til? Hvenær spilar maður sig of „hard to get“? Hvað er íslenska orðið yfir „hard to get“ og getur maður verið „hard to get“ án þess að þekkja íslenska hugtakið?

Kisa vikunnar er Garfield.

ÍSKISUR - eru að spyrja fyrir vin."
"52",2,6,4,67,2020-02-20,"Í seinni hluta 26. bókarinnar um Ísfólkið gerum við tilraun til að fylgja Eskil, Heiki og Vingu þegar þau reyna að frelsa Eldafjörð og Jólinsborg undan draugaganginum. Ruglingsleg sagan verður enn flóknari þegar annar hver karakter heitir Jólin og Jólinsborgunum fjölgar.

Var Margit jólabarn? Hvað var Eskill lengi í fangelsi? Á að taka mark á mönnum sem heita Herra Jólin? Er Ísfólkið fast við ákveðna breiddargráðu? Ættu allir að eiga einn hugrakkan fiskimann? Hvar er Elís? Eru barsmíðar í lagi svo lengi sem árásarmaðurinn þvær fórnarlambið eftir á? Getur maður miðað tímatal við mannfórnir? Hver er munurinn á belju og geit?

Kisa vikunnar er Karen og kettirnir hennar.

ÍSKISUR - HVER ER JÓLIN?"
"53",1,5,3.6,54,2020-02-27,"Í fyrri hluta 27. bókarinnar um Ísfólkið kynnumst við Christer, syni Þulu og Tómasar. Christer er sannfærður um að hann sé álagabarn sinnar kynslóðar og reynir allt hvað hann getur til þess að sannfæra aðra um það – með misjöfnun árangri. Christer kynnist snemma ástinni í lífi sínu en tapar henni fljótt aftur. Christer sýnir að þrátt fyrir að hafa ekki erft galdrahæfileika ættar sinnar þá er hann þrátt fyrir allt Ísfólksmaður sem gefst ekki svo auðveldlega upp á ástinni.

Eru hneyksli með hala? Eru fatlaðir bara latir? Hversu lengi er hægt að ræða einn hund? Af hverju fá börnin á landsbyggðinni ekki bolta? Er best að fela hunda á bakinu á sér? Hver er læknirinn?

Kisa vikunnar er Coachella Cat.

ÍSKISUR - sökka í væntingastjórnun."
"54",2,4,5,66,2020-03-05,"Í seinni hluta 27. bókarinnar um Ísfólkið leitum við áfram að Magdalenu með Christer og vinum hans. Molin, afi Magdalenu, hefur veikst alvarlega og virðist við dauðans dyr þegar Heikir kemur eins og kallaður. Á meðan Heikir reynir að bjarga lífi Molins þá reynir Christer að finna ástina sína með aðstoð góðra vina, hunda og geimvera!

Var Margit á sýru þegar hún skrifaði þessa bók? Eru Heikir og Vinga Garðbæingar síns tíma? Hvernig fallbeygir maður Molin? Talar Heikir við stofnfrumur? Hafa fornleifafræðingar vigt? Eru hundar sem tala við geimverur betri en forfeðradraugar? Mun Christer einhvern tímann fatta að hann kann ekki að galdra? Er Margit fyndin? Eru það ættjarðarsvik að laðast meira að The Rock en Loga Geirs? Þarf maður að vera sammála sjálfum sér?

Kisa vikunnar eru Hemingway kettir.

ÍSKISUR - geta margt eftir góðan lúr."
"55",1,6,4.3,67,2020-03-12,"fyrri hluta 28. bókarinnar um Ísfólkið kynnumst við vonlausu Belindu sem getur aldrei gert neitt rétt, hún ræður ekki einu sinni við að taka í hendurnar á fólki. Systir Belindu deyr við barnsfarir en það hefur afdrifaríkar afleiðingar fyrir Belindu. Blessunarlega kemur Ísfólkið inn í líf hennar og bjargar bæði sjálfstrausti hennar og sakleysi.

Verða börn að fávitum ef mamman sér fávita á meðan hún er ólétt? Er gott hlaðvarp að hlusta á tvær vinkonur taka í hendurnar á hvor annarri? Getur Herbert labbað í burtu? Var Signe myrt? Verður maður leiður við leiði eða leiðir leiðið til leiða? Eru Ískisur of gamlar fyrir Leonardo DiCaprio?

Kisa vikunnar er Tik Tok kisa.

ÍSKISUR - eru nóg."
"56",2,5,4.8,58,2020-03-19,"Í seinni hluta 28. bókarinnar um Ísfólkið er haldið í svaðilför í dal Ísfólksins en þó eftir handtöku og yfirheyrslu. Þula og Heikir gera tilraun til að létta bölvuninni af ætt sinni þrátt fyrir að fátt gefi til kynna að þeim muni takast ætlunarverk sitt. Viljar og Belinda elta þau og á leið sinni fara þau um gamlar slóðir Ísfólksins.

Hver drap Herbert? Er verra að vera í verkalýðsfélagi en að myrða? Gerir maður sérferð úr morði? Á maður alltaf að tala við ömmu sína og afa? Er Viljar sófaverkalýðsmaður? Mega strákar vita að stelpur pissa? Eru sjálfíkveikjur náttúrulegt fyrirbæri? Vilja dímonar bara ungar óhrukkóttar konur? Er Belinda alltaf bara vesen?

Kisa vikunnar er twitter aðgangurinn Poorly Drawn Cats.

ÍSKISUR - lengi lifir í gömlum dímonum."
"57",1,4,4.8,64,2020-03-25,"Í fyrri hluta 29. bókarinnar um Ísfólkið, Ástir Lúsífers, kynnumst við Sögu sem er útvalin en hefur lifað heldur óbreyttu lífi hingað til. Eftir andlát foreldra hennar, Kols og Önnu Maríu, skilur hún við manninn sinn og forfeður Ísfólksins kalla hana til Lindigarðs. Ferðalagið til Noregs flækist vegna Kólerufaraldurs. Á leið sinni til Noregs fylgja henni tveir myndarlegir karlmenn, Paul og Marcel, sem toga báðir í hana á mismunandi hátt.

Hvernig ber maður fram Guillaume og Paul á góðri íslensku? Hvernig skilar húmor sér til munnsins? Er hægt að tala um dímona án þess að nefna ákveðin verkfæri? Var Leonard í rétti þegar hann hélt framhjá sökum kynlífsleysis? Á maður alltaf að hlusta á ömmu sína og mömmu varðandi karlmenn?

Kisa vikunnar er súlukisa.

ÍSKISUR - bakka aldrei!

"
"58",2,4,4.8,66,2020-04-02,"Í seinni hluta 29. bókarinnar um Ísfólkið komumst við svo að því að ekki er allt sem sýnist. Við fylgjum áfram með Sögu sem upplifir meðal annars töfrastund í skóginum og ástarsorg. Hún hjálpar einnig frænda sínum í vanda og stundar særingar. Það eru þó ekki mestu raunir sem Saga gengur í gegnum og má í raun segja að hún endi sem sorgar-Saga.

Er Lúsífer góður gæi? Af hverju mátti Saga ekki njóta sín í skóginum? Hvaða dagur hentar best til að særa burt verur úr öðrum heimi? Hvað þarf marga verkfræðinga til að halda utan um særingar Gráfólks?

Kisa vikunnar er kisutjákn.

ÍSKISUR - ákalla Lúsífer!"
"59",1,5,4.8,63,2020-04-08,"Í fyrri hluta 30. bókarinnar um Ísfólkið er fjallað um Henning litla sem er skyndilega einn síns liðs með tvo nýfædda drengi í sinni umsjá. En þegar útlitið er ansi svart kemur frænka Hennings, Malín, honum til bjargar og aðstoðar hann við uppeldið. En lífið er erfitt hjá litlu fjölskyldunni og erfiðari er óvissan um hvað varð eiginlega um Belindu og Viljar, foreldra Hennings.

Hvað er dýakonissa? Á að skíra ljót börn í höfuðið á ljótu fólki? Er betra að sleppa því að feðra börnin sín ef faðirinn er Lúsífer? Mega ljót börn fá arf?

Kisa vikunnar er melónukisi.

ÍSKISUR - Læsar ... en samt ekki.

"
"60",2,4,4.8,63,2020-04-16,"Í seinni hluta 30. bókarinnar um Ísfólkið er líf Ísfólksins mikið farið að snúast um Úlfar og erfiðleikana í kringum hann. Henning er orðinn stór og finnur ástina en þó að ástin beri ávöxt færir hún honum ekki hamingju. Malín verður líka ástfangin af Pétri Volden en það er þungur baggi að bera að vera stjúpfaðir Úlfars.

Er Margit Captain Obvious? Er Úlfar x-rated útgáfan af Denna dæmalausa? Er Lúsífer vondur eða góður gæi? Er Lúsífer mikið á Austfjörðum? Er Lúsífer og jólasveinninn sami maðurinn? Eru menn með stór hjörtu með góða blóðrás? Hvernig veit maður hvort að nýfædda barnið sitt sé með innri ró og frið? Verður einhvern tímann hægt að hætta að rífast um stöngin inn / stöngin út? Eru úlfar góðar barnapíur?

Kisa vikunnar er Lööp kisi.

ÍSKISUR - angra aldrei bændur né skrifstofufólk."
"61",1,3,5,63,2020-04-23,"Í fyrri hluta 31. bókarinnar um Ísfólkið lítum við inn hjá Þengli illa sem liggur í hálfmóki og reynir að spilla fyrir góðum afkomendum sínum. Benedikta, óheppna stóra álagastelpan með grófu andlitsdrættina, er kölluð til að aðstoða hinn ómótstæðilega Sander við rannsókn á draugagangi og morði.

Gerði Þengill illi mistök með því að stilla ekki vekjaraklukku sjálfur? Er eðlilegt að rukka vænt skemmdargjald fyrir barnapössun? Er til fólk sem er bæði fallegt og klárt? Hversu aðlaðandi er maður ef öðrum manni finnst sá maður aðlaðandi? Horfði Margit Sandemo of mikið á Discovery á meðan hún skrifaði Ísfólkið? Er draugagangur og skemmdarverk alvarlegri glæpur en morð?

Kisa vikunnar er Chertrúarsöfnuðurinn.
ÍSKISUR - alltaf núvirtar.

"
"62",2,5,5,67,2020-04-30,"Í seinni hluta 31. bókarinnar um Ísfólkið fylgjum við áfram með Benediktu, Sanders og félögum við Nettuvatn. Ekki er allt sem sýnist, ástarþríhyrningur verður að ferhyrningi, björgun kemur úr óvæntri átt og leyndardómurinn leysist loks í kirkju sem reynist Benediktu erfitt.

Var Benedikta búin að taka til í herberginu sínu? Eru axlasnertingar alltaf erótískar? Lykta allir draugar eins og skítugar tuskur? Er hentugt að gera upp persónuleg mál á meðan særing drauga fer fram? Er til eitthvað verra en einstæð móðir?

Kisa vikunnar er hákarlakisa.
ÍSKISUR - taka alltaf til í herberginu sínu."
"63",1,5,5,62,2020-05-07,"Í fyrri hluta 32. bókar um Ísfólkið kynnumst við Marit, fátækri leiguliðadóttur sem er skilin eftir af systkinum sínum til þess að annast heilabilaðan og ofbeldisfullan föður sinn. Þegar faðirinn lætur loks lífið verður Marit lífshættulega veik og ákveður að reyna að leita sér hjálpar. Hún endar í höndum læknisins Kristófer Volden af Ísfólkinu og með þeim tekst mikil vinátta.

Hefði bókin átt að heita Svelti en ekki Hungur? Hversu margir þurfa að vera hungraðir til þess að bókin megi heita Hungur? Var Heikir heiðurskvenmaður? Er betra að vera með góða húð en fallegt andlit? Heitir Marit Meritta eða Maritta og heitir Lísa-Meritta Lísa-Marit? Hefði verið betra að hafa nöfnin aðeins ólíkari svo ónefndar Ískisur myndu ekki ruglast á nöfnum?

Kisa vikunnar eru klárir kettir.

ÍSKISUR - nota aldrei brauð í hárið."
"64",2,1,5,61,2020-05-14,"Í seinni hluta 32. bókar er Benedikta komin til Kristófers til þess að hjálpa honum með veirusýkinguna á spítalanum en nærvera hennar veldur meiri brestum í sambandi Kristófers og Lísu-Merittu. Kristófer er óvart búinn að trúlofa sig tveimur konum og er í bölvuðu basli með hvernig hann geti komið sér úr þessari stöðu.

Í hversu annarlegu ástandi er Helga? Af hverju heitir bókin ekki Streptókokkar? Á hin fullkomna kona líf fyrir utan heimilið? Mega stelpurnar vera svona sammála? Er nauðsynlegt að taka veikar eiginkonur heim af spítalanum? Hver er góði gæinn í þessari bók? Gildir það sama um Jón og Ísfólks Jón?

Kisa vikunnar eru Lingvistov kettir.

ÍSKISUR - algjörlega stjórnlausar."
"65",1,5,5,57,2020-05-21,"Í fyrri hluta 33. bókar um Ísfólkið ferðumst við aftur um næstum 10 ár til þess að fylgja sögu Vönju. Vanja er ósköp venjuleg ung stúlka fyrir utan eitt smávægilegt atriði. Hún er sonardóttir Lúsífers og með því fylgir hæfileikinn til þess að sjá dímóna. En þetta vita hvorki Ísfólkið, Þengill né dímonarnir sjálfir og það mun hafa afdrifarík áhrif á sögu þeirra allra.

En hvar er Johnny Depp? Hvers vegna vill Kristín alltaf segja Sandebo en ekki Sandemo? Af hverju má maður ekki eyða öllum arfinum sínum í föt? Þarf alltaf að vera penis? Sofa dímonar í buxum? Er Margit hinn raunverulegi Literal Larry? Var Vanja álagabarn eða „bara“ barnabarn Lúsífers? Hver er besta afsökunin til að fá að vera ein í kirkjukórsferð? Er Margit hrútskýrari?

Kisa vikunnar er feiti kisi.

ÍSKISUR - Skiptast á að hafa rétt fyrir sér, stundum..."
"66",2,5,5,52,2020-05-28,"Í seinni hluta 33. bókar fylgjumst við áfram með Vönju og Tamlin. Þegar Tamlin er handsamaður og hlekkjaður í undirheimum næturdímónanna heldur Vanja í björgunarleiðangur í gegnum draumheima, eða réttara sagt martraðaheima.

Hvenær er draumur nógu vondur til að verða martröð? Sigrar ástin allt? Hvort er verra að vera trúboði í Kína eða trúboði á laugardagskvöldum? Þarf bara að vera trúr eftir hjónaband? Er eitthvað meira niðurdrepandi en feitur, vælandi miðaldra karl? Greyið Frank …

Kisa vikunnar er litla kisa eða smol cats.

ÍSKISUR - með óklofnar tungur …

"
"67",1,5,5,62,2020-06-04,"Í fyrri hluta 34 bókar um Ísfólkið fylgjumst við með Andra Benediktusyni í leit að forfeðrum sínum og illa arfinum. Skrifstofukonan Netta veitir Andra dygga aðstoð. Á vegi þeirra verður sagan um konurnar í Vargaþorpi sem virðist vera mikilvægur hlekkur í sögu Ísfólksins.

Af hverju á enginn í Ísfólkinu hund? Hvernig sér maður á konu að hún sé gift? Hver vill vera skyldur einhverjum sem vinnur ekki yfirvinnu? Er í lagi að stela af látnum ef þeir eru kannski fjarskyldir ættingjar? Hvernig sést á hárlokk að hann sé af barni? Er gott í kroppinn meira virði en mannslíf?

Kisa vikunnar er myndin CATS.

ÍSKISUR - fórna engu!"
"68",2,4,4.8,67,2020-06-11,"Í seinni hluta 34 bókar heldur þríeykið áfram leit að týnda Ísfólksleggnum. Netta verður fyrir árás á heimili sínu og slæst því í för með Andra og Malí til Nordlade. Leitin leiðir þau hinsvegar í hið sögufræga Vargaþorp þar sem dulúð og óuppgerðar hefndir ráða ríkjum.

Má fara í sunnudagsföt á þriðjudegi? Hvernig bauð maður í jarðarfarir fyrir tíma Facebook viðburða? Hvort er verra, femínisti eða vændiskona? Þurfa konur að fara á klósettið? Er bara hægt að treysta frændum? Er Mabú Úbí í Þýskalandi? Hversu langt í burtu er ógeðslega langt í burtu?

Kisa vikunnar er Chonky cat

ÍSKISUR - Svindla allar"
"69",1,4,5,64,2020-06-19,"Í fyrri hluta 35 bókar um Ísfólkið kynnumst við hinum óstýriláta Vetla sem hefur enga yfirnáttúrulega hæfileika umfram það sem telst eðlilegt hjá Ísfólkinu. Hann fær samt það erfiða hlutverk að bjarga heiminum frá því að Þengli hinum illa takist ætlunarverk sitt að vakna upp af værum blundi. Vandamálið er hins vegar að Vetli er ekki nema 14 ára gamall.

Er betra að klára bækur eða hætta bara í miðjunni og byrja á næstu bók? Getur heili verið hægari en hugur? Hversu þreyttur verður maður eftir 620 ára lúr? Skiptir landafræði einhverju máli?

Kisa vikunnar er Copy cat eða hermikisi

ÍSKISUR - lykta ekki illa!"
"70",2,5,5,50,2020-06-25,"Í seinni hluta 35. bókar um Ísfólkið er áfram fjallað um ævintýri Vetla á Spáni í leit sinni að alræmdu nótunum í kapp við skrímsli undir stjórn Þengils. Vetli flýr undan skrímslinu ásamt Esmeröldu, fordekraðri dömu sem er mjög upptekin af titlum. En skrímslið er langt því frá eina vandamálið sem Vetli mun þurfa að takast á við.

Er mjög flókið að velta Vetla? Þarf alltaf að vera fínt fólk? Hvað er málið með grafhýsið? Hvað má geyma einstakling í klaustri lengi? Hvort er betra, nunna með eða án kennda?

Kisa vikunnar er kattarandnauð

ÍSKISUR - á klettasyllu"
"71",1,4,5,42,2020-07-02,"Í fyrri hluta 36 bókar um Ísfólkið fylgjumst við með hinni bældu Christu Tamlinsdóttur og föður hennar, Frank, sem eru saman í sértrúarsöfnuði. Christa hefur alist upp við að þjóna veikum föður sínum sem einangrar hana og heldur henni skipulega frá Ísfólksfjölskyldu sinni. Christa mun þó komast að því að ekki er allt sem sýnist.

Þarf alltaf að vera þrælkun? Er synd að bólótt og þéttvaxin kona sé full sjálfstrausts? Er það raunhæft markmið að reyna að eignast sjöunda son sjöunda sonar? Hvenær er við hæfi að breyta heima hjá öðrum?

Kisa vikunnar er dýrakisur
ÍSKISUR - neita aldrei mat"
"72",2,4,5,52,2020-07-09,"Í seinni hluta 36. bókar um Ísfólkið fylgjumst við með tilhugalífi Christu og Linde-Lou. Á sama tíma er ýmislegt dularfullt að gerist í samfélaginu, þar á meðal óútskýranleg slys, dauðsföll og líkfundur. Christa verður sífellt meira afhuga fósturföður sínum sem hefur skelfilegar afleiðingar.

Heiðrar maður minningu látinna með því að leggja rétt á borð? Vill maður að munaðarlaus börn sín alist upp á heimili þar sem það er ekki rétt raðað í uppþvottavélina? Kunna ekki allir að svífa? Ætti fólk sem kemst ekki í þrívíddarbíó að fá örorkubætur?

Kisa vikunnar er lærdómskisi

ÍSKISUR - Raða alltaf rétt í uppþvottavélina"
"73",1,4,5,48,2020-07-15,"Í fyrri hluta 37 bókar um Ísfólkið finnum við mikla tengingu við nútímann en í þessari bók þarf Ríkharð Brink af Ísfólkinu að sjá um smitrakningu vegna bólusóttar. Við kynnumst níu mis mikilvægum söguhetjum, ásamt Rikka Brink, og fylgjumst með því hvernig Rikki nær að rekja ferðir þessa fólks, án þess að nota nokkuð smáforrit.

Er líf eftir Ísfólkið? Lærði þríeykið hvernig ætti að tækla Covid eftir Ísfólkslestur? Fílar Guð meira ríkt fólk en fátækt? Þarf alltaf að vera hattur? Hver er feita systirin? Hvernig bjargar maður dettandi fólki af Ísfólkinu?

Kisa vikunnar er kona að öskra á kisa
ÍSKISUR - eiga fálkaorðuna skilið!

"
"74",2,1,5,38,2020-07-22,"Í seinni hluta 37 bókar um Ísfólkið fjöllum við áfram um Rikka Brink og baráttu hans við bólusótt. Agnes er orðin verulega veik en Rikki virðist vera engu nær að tengja að Agnes er ""týnda konan"". Hann er sömuleiðis í vandræðum með að koma söfnuðu Prunks undir læknahendur.

Hvað er lífið án útúrdúra? Má alltaf þekkja konu af klæðum hennar? Hvernig er kápan raunverulega á litinn? Má smána menn með litla limi? Er betra að trúa á Guð en bólusetningar?

Kisa vikunnar er sagan um geimkisa
ÍSKISUR - smána aldrei litla menn

"
"75",1,2,5,59,2020-07-23,"Í fyrri hluta 38 bókar um Ísfólkið fylgjumst við með afdrifum börnum Vetla sem þurfa að flýja Lindigarð því Þengill illi er kominn á stjá. Jónatan fer að vinna á spítala en systurnar Marí og Karína fara til Christu og Abels í vist. Jónatan leiðist út í verkefni fyrir andspyrnuhreyfingu og dregur Marí með sér. Þar kynnast þau kappanum Rúna sem mun hafa afdrifaríkar afleiðingar.

Er allt í lagi að skila ekki afgangnum? Er einhver tilgangur að kaupa föt ef maður á ekki kærustu? Er best að giftast ljótum manni? Mun hundur bjarga Karínu?

Kisa vikunnar er Helgukisi

ÍSKISUR - keyrðu strætó löngu fyrir 15 ára aldur"
"76",2,2,4.5,62,2020-07-30,"Í seinni hluta 38 bókar um Ísfólkið er Jónatani haldið föngum í Þýskalandi við misgóðar aðstæður og Ísfólkið veit ekkert um niðurlög hans. Karína fær sér hund og kemst að því að hundauppeldi er enginn hægðarleikur. Þegar Rúni kemst að því hvar Jónatan er virðist hann leggja sig fram um að komast til vinar síns. En hver tók Jónatan í fangið? Hver er Rúni eiginlega? Hversu mikið er hægt að skrifa um einn hund? Hvenær er maður orðinn of gamall fyrir andspyrnuhreyfingu?

Kisa vikunnar er kirkjukisa

ÍSKISUR - Fara frekar í kettina en hundana"
"77",1,2,5,49,2020-08-06,"Í fyrri hluta 39 bókar um Ísfólkið fylgjumst við með Ellen Knudsen taka við starfi móttökustjóra á gistihúsi úti á landi. Ellen gistir ein í gömlum hluta gistihússins, þrátt fyrir aðvaranir þorpsbúa um draugagang og dularfullar dyr. Um miðja nótt verður hún fyrir ólýsanlegri lífsreynslu sem þarfnast skyggnigáfu Nathaníels til þess að greina.

Hversu flókin eru störf móttökustjóra? Þarf Ísfólkið alltaf að kjafta öllum fjölskylduleyndarmálum? Hvernig lykta svik? Hver er fullkomin lengd á bréfi? Þarf virkilega alltaf að vera hundur?

Kisa vikunnar er kisubangsi

ÍSKISUR - opna allar dyr"
"78",2,4,5,45,2020-08-20,"Í seinni hluta 39 bókar um Ísfólkið bjargar Ellen Nataníel úr grafhýsi vegna ráðgátunnar um týndu börnin. Nathaníel og Ellen fara svo saman í dularfulla dalinn úr æsku Ellenar og gera upp gamlar tilfinningar. Þegar leiðir þeirra skilja fer Nathaníel að bjarga Þúfu sem er komin í bandalag með glæpamanni.

Hversu erfitt er fyrir lögulega konu að dulbúa sig sem dreng? Er eðlilegt að reka manneskju út til að lesa bréf frá henni? Má taka ólesið bréf til baka eftir sendingu? Er maður lengur að lesa undir pressu? Hvort á maður að kaupa ódýra tösku sem lítur út fyrir að vera dýr eða dýra tösku sem lítur út fyrir að vera ódýr? Má kyssast fyrir framan hótelstarfsfólk?

Kisa vikunnar er kötturinn Pinky

ÍSKISUR - eru afbrýðisamar út í sjálfar sig"
"79",1,4,5,64,2020-08-27,"Í fyrri hluta 40. bókar um Ísfólkið enda Nataníel, Þúfa og Ellen saman um borð í bátnum Stellu vegna rannsóknar á dularfullu og mögulega yfirnáttúrulegu máli. Þúfa verður heilluð af hugmyndinni um endurholdgun og leitar uppi fyrrum lækni sem aðstoðar hana við að flakka á milli sinna fyrri lífa. Af hverju var enginn ómerkilegur í fyrra lífi? Er ekkert athugavert við að fullorðinn láti eins og hundur á almannafæri? Hvort á Ellen að fara eða vera? Tekur því að leggja sig í 10 mínútur? Þarf alltaf að vera arfur? Er sjöundi sonur sjöunda sonar afburðar drullusokkur?

Kisa vikunnar er Lim Heng Swee kisa

ÍSKISUR - STEEELLLLLLAAA!"
"80",2,4,4.8,50,2020-09-03,"Í seinni hluta 40 bókar um Ísfólkið ferðumst við með sálarflakki alla leið til Japan. Þúfa festist í líkama formóður sinnar og neyðist til þess að biðja Nataníel um aðstoð. Henni til happs þá er Nataníel tilbúinn að fórna lífi sínu fyrir frænku sína og þá áttar hann sig loksins á hvers megnugur hann er. Er Þúfhanna gott nafn? Veit Margit kannski hvað hún er að gera? Mun Margit ná Cher? Er endurfæðingahraði mismunandi eftir þjóðernum? Erfa börn góðverk foreldra sinna? Er það Da-no-nura eða Du-ra-nona? Hversu andfúll getur fúll andi verið? Hvort er orðagrín fyndnara í fyrsta eða annað sinn … eða þúsundasta sinn?

Kisa vikunnar er Ron Perlman kisa ÍSKISUR - SpennANDI hlaðvarpsþáttur!

"
"81",1,4,4.8,56,2020-09-10,"Í fyrri hluta 41. bókar um Ísfólkið fáum við loksins almennilega fjölskylduráðstefnu með núlifandi og fráliðnum meðlimum Ísfólksins. Hópur forfeðra Ísfólksins boðar til fundar þar sem farið er yfir sögu allra fjölskyldumeðlima og stríðshlutverkum er úthlutað.

Hvenær er ættarmót ættarmót og hvenær verður það ráðstefna ? Væru bókarnöfnin Ættarmótið eða Fundurinn betri væntingarstjórnun en Djöflafjallið? Hversu sturlað væri að lesa bækurnar um Ísfólkið í handahófskenndri röð? Hversu viðeigandi er að ræða kynfæri makanna sinna fjögurra við nánustu fjölskyldumeðlimi sína?

Kisa vikunnar er fjölskyldumyndakisi.

ÍSKISUR - týpurnar sem mæta bara með einn kærasta á ættarmót.

"
"82",2,3,4.7,48,2020-09-17,"Í seinni hluta 41 bókar um Ísfólkið höldum við áfram að fylgjast með fjölskylduráðstefnu Ísfólksins í Djöflafjalli. Þar kynnumst við Þengli hinum illa betur í gengum frásagnir Didu, barnabarns hans. Einnig kemur í ljós að alrúnin byrjaði að vernda Ísfólkið jafnvel áður en hún komst í þeirra hendur.

Hvenær er besti tíminn fyrir heimsyfirráð? Hvernig er best að trufla ráðstefnu? Var Hanna vond góð eða góð vond? Eru bringuhár einhvern tímann við hæfi á ráðstefnu? Af hverju þekkja svona margir Rúna? Hversu mikið er hægt að stafa plott ofan í lesendur án þess að þeir fatti það?

Kisa vikunnar er quinceanera kisa.

ÍSKISUR - alltaf með á nótunum!

"
"83",1,3,4.7,64,2020-09-24,"Í fyrri hluta 42. bókar um Ísfólkið er Þengill hinn illi að vakna eftir langan lúr og hefur undirbúning á heimsyfirráðum. Ættarmótsráðstefna Ísfólksættarinnar heldur áfram, þar sem við fáum að vita hver Rúni raunverulega er og sögu hans í gegnum aldur og ævi. Við kynnumst einnig hinum dauðvona Íra Morahan sem á ættir sínar að rekja til Noregs.

Er Guð góði eða vondi kallinn? Hvað er í lagi að taka stóran líkamspart af rótarmanni? Er það kostur að Alrúnin var ekki með skynfæri? Mun Tobba tæla? Var Þengill hin illi fyrstur með kynjakvótann?

Kisa vikunnar er sjálfukisi

ÍSKISUR - engar prótótýpur!

"
"84",2,6,4.8,65,2020-10-01,"Í seinni hluta 42. bókar um Ísfólkið lýkur loksins ættarráðstefnunni. Hin fimm útvöldu; Þula, Ellen, Marco, Nataníel og Gabríel; leggja af stað í dal Ísfólksins til þess að eyða svartavatni Þengils hins illa. En eins og gefur að skilja verður leiðangurinn enginn barnaleikur.

Við hvaða aðstæður er í lagi að láta bara vaða þegar manni er mál? Geta konur farið á klósettið án þess að fara á trúnó? Þarf alltaf að vera vín? Er stranglega bannað að vinna eftir klukkan 6? Er klukkan þá alveg að verða 7? Var Þengill illi bara þreyttur? Hvað eru margir endar í þessari bók?

Kisa vikunnar er FatCatArt

ÍSKISUR - borða alltaf súkkulaðið

"
"85",1,4,5,68,2020-10-08,"Í fyrri hluta 43. bókar um Ísfólkið heldur barátta Ísfólksins við Þengil illa áfram. En ástandið er slæmt hjá uppáhalds ættinni okkar. Ein úr fimm manna baráttuhópnum er horfinn í Stóra Svelg, tveir eru alvarlega slasaðir, einn féll af klettabjargi í á og ein er hundelt af handbendum Þengils Illa.

Hversu hátt þarf maður að kunna að telja? Hversu vitlausir eru lesendur Ísfólksins að mati Margitar? Geta hávaxnar konur verið fallegar? Hugsa konur hugsað um nokkuð annað en útlit og nánd? Er eitthvað skrítið við trérót í manneskjulíkama og fornaldardraug? Er mikilvægara að líta vel út en að bjarga mannslífi? Hvernig hikstar maður af vonlausri þrá?

Kisa vikunnar eru kattarörnefni Íslands ÍSKISUR - Alfræðilega alþjóðlegar

"
"86",2,4,4.5,68,2020-10-15,"Í seinni hluta 43. bókar um Ísfólkið verður Margit Sandemo enn virkari þátttakandi í eigin bókabálki þegar hún og maðurinn hennar skutla Gabríel af spítalanum til frændsystkina sinna. Hallkötlu dreymir um að kynnast karlmanni, Þengill hinn illi hrindir af stað Kalda Stríðinu og Þúfa reynir að vinna sig í átt að dal Ísfólksins með dauðvona mann í eftirdragi.

Eru handverk tímafrekari en börn? Hvað er að handlanga? Hvað er eðlilegt að líði langur tími milli þess sem að maður keyrir á einhvern og þangað til maður reynir við hann? Hvað er göfugasta líffærið? Þurfa draugar að hræðast lögregluna?

Kisa vikunnar er „Ég veit hvar kötturinn þinn býr“ ÍSKISUR - Milljón. NORSKAR

"
"87",1,6,5,71,2020-10-22,"Í fyrri hluta 44. bókar um Ísfólkið fikra hin útvöldu og verndarar þeirra sig nær Ísdalnum til að heyja lokabaráttu við Þengil illa. Þengill illi og útsendarar hans gera allt til að hindra för þeirra. Á sama tíma stendur yfir orrusta á milli góðra og illra anda.

Er kveikjari og gott vasaljós það eina sem þarf til að sigrast á útsendurum Þengils illa? Hvað er mikill sykur í einum Indverja? Hvort er verra að tapa í bardaga eða missa af mögulegu bóni? Er vöfflujárn nauðsynlegt í öll ferðalög? Eru konur alltaf neikvæðar gagnvart fallegum kvensum? Hvenær er í lagi að höstla aftur eftir að missa kærustuna sína í Stóra Svelg?

"
"88",2,4,5,54,2020-10-29,"Í seinni hluta 44. bókar um Ísfólkið halda hin útvöldu áfram för sinni að Ísdalnum. Þengill illi ásamt Lynx gefast ekki upp við að reyna að stöðva för þeirra þó þeir missi fleiri úr liði sínu. Hin útvöldu þurfa m.a. að verjast gegn Drottnurum tímans og finna leið til að útrýma þeim áður en það verður of seint.

Hver átti sín skapadægur í bókinni? Var Þengill illi fyrsti straumlínustjórnandinn? Þurfa hin útvöldu að yfirfara verkferlin í kringum klósettferðir? Er hægt að bindast manneskju meira en að vera skyld henni í báðar ættir? Af hverju virka sprengjur á anda en ekki byssur? Hvort er það byssan eða maðurinn sem drepur? Hver er versti vondi gaurinn?

Kisa vikunnar eru tvífarakisur

ÍSKISUR - þið ættuð að sjá okkur með kórónur!"
"89",1,1,5,52,2020-11-05,"Í fyrri hluta 45. bókar um Ísfólkið eru hin útvöldu enn að fikra sig nær Ísdalnum. Rúni lendir í hættu þegar hann mætir Þengli Illa. Rúni fær björgun úr óvæntri átt og kemst að mikilvægum upplýsingum um Lynx sem nýtist Christu og Linde-Lou við rannsókn uppruna hans.

Leysa Ískisur leyndardóm Lynx í beinni? Er Bíbí besta leyninafnið? Hversu mikið grey er Rúni? Er eitthvað verra en að fara einn í leigubílaröðina? Var Lúsífer að koma á 100 ára fresti bara til að tékka á Ísfólksgellunum? Af hverju var engin glærusýning í þessari bók? Hversu mikil kynferðisleg spenna getur orðið á bókasafni? Er eitthvað heitara en rannsókn með látnum unglings föðurbróður þínum?

Kisa vikunnar er Lil’bub

ÍSKISUR - í algjörum trúnaði!"
"90",2,4,4.5,66,2020-11-12,"Í seinni hluta 45. bókar um Ísfólkið leggur Marco sig allan fram við að sigra hin þýska Lynx. En leiðin að Lynx og svarta vatninu er ekki auðveld því Þengill illi á sér marga stuðningsmenn sem Ísfólkið veit ekkert um.

Hver samdi eiginlega við hvern? Af hverju eru þessi hugskeyti ekki betur nýtt? Eru hrútskýringar bara menn að misskilja? Hvernig öskraði Marco eiginlega á Fritz? Er Ian gagnslaus eða ekki? Þarf Helga alltaf að mótmæla? Er millivegur á milli saurs og ilmvatns?

Kisa vikunnar er heimiliskötturinn Mikki

ÍSKISUR - gleyma stundum hæfileikum sínum!"
"91",1,4,5,63,2020-11-19,"Í fyrri hluta 46. bókar um Ísfólkið virðist leiðin að illa vatninu loksins orðin greið og kraftur Nataníels eykst með hverju skrefinu. Fimmmenningarnir þurfa einungis að ljúka einu verkefni í dalnum áður en Nataníel leggur í lokaorrustuna.

Hvar stoppa öll fótsporin? Er eina sem Nataníel er ekki tilbúinn í gera í baráttunni við Þengill illa að koma nakinn fram? Sigrar ástin allt? Þurfa allir að fara úr fötunum í þessari bók? Er orrusta merkileg ef það deyr enginn? Hversu flókið er að opna eitt stykki mannlegan lás?

Kisa vikunnar er éttu puttann kisa.

ÍSKISUR - hætta aldrei í miðjum klíðum!"
"92",2,5,4.8,56,2020-11-26,"Í seinni hluta 46. bókar um Ísfólkið er loksins komið að stundinni sem við höfum öll beðið eftir. Nataníel þarf einn að kljást við Þengil Illa en eins og svo oft áður berst honum aðstoð úr óvæntum áttum.

Ef maður les bók án þess að segja frá því, las maður þá bókina? Hversu lengi má maður vera bitur yfir hrútskýringu? Hvers vegna er erfiðara að finna skurðlækni en klæðskera? Eru skráargöt líka fólk? Er þetta allt draumur Silju eftir að hún var negld við það magnaðasta í lífi sínu? Er Nataníel nóg? Hvers oft getur maður gleymt því að maður getur stundað hugsana flutning? Hvað gerist ef maður grípur of seint um rassinn?

Kisa vikunnar eru kisumubblur

ÍSKISUR - í upphafi var mold!

"
"93",1,3,4.7,53,2020-12-03,"Í fyrri hluta 47 bókar um Ísfólkið heyrum við sögu Tiili og hvernig hún hefur náð að lifa af 700 ár föst við vegg. Lúsífer ljóstrar um áætlanir sínar gagnvart heiminum og Margit Sandemo sjálf mætir aftur í söguna. Já og svo má ekki gleyma tveimur fjölskylduráðstefnum!

Þarf alltaf að vera doktor? Hver er til í Tiili? Death or Cake eða Cake or Death? Hefur Þengill Illi aldrei séð neina Bond mynd? Hver ætlar að taka að sér að skrifa Fan Fiction fyrir Ísfólkið? Hversu glataður er þjóðhátíðardagur Noregs? Eru rætur betri en dímonar?

Kisa vikunnar er fræðikisi

ÍSKISUR - Kasjúal komma péhádé!

"
"94",2,1,5,68,2020-12-10,"Í seinni hluta 47. bókar um Ísfólkið klárum við síðustu fjölskylduráðstefnu Ísfólksins. Lúsífer er skammaður af stóra bróður og pabba og er sendur aftur heim til sín með rófuna á milli fóta. Eftirlifandi Ísfólk þarf svo að læra að lifa lífinu án látinna ættingja sinna.

Getur verið Ísfólk ef það er ekki ráðstefna? Hvernig er fasteignamarkaðurinn í helvíti? Hversu lélegur einræðisherra ertu ef þú gefst upp við annað nei frá stóra bróður eftir 500 ára undirbúning? Hvernig valdi maður maka fyrir tíma Tinder?

Kisa vikunnar er Búðarkisi (e. Bodega cat)

Þetta er næstsíðasti þáttur Ískisa, í næsta þætti lítum við til baka yfir farin veg og rifjum upp bestu stundirnar á þessu tæplega tveggja ára ferðalagi.

ÍSKISUR - Líta bara nokkuð vel út í myrkri

"
"95",0,5,5,56,2020-12-17,"Í lokaþættinum af Ískisum gera stelpurnar upp allar 47 bækurnar og fara yfir uppáhaldsatriðin sín úr bókunum sem og farinn veg í hlaðvarpinu. Ískisur þakka hlustendum kærlega fyrir þetta ruglingslega ferðalag síðastliðin tvö ár.

Var Margit búin að gefast upp í síðustu bókunum? Var dagbók Silju og steindi glugginn „hæpað“ of mikið upp? Eru Helga og Margit ein og sama manneskjan? Var Lúsífer að skrifa í gegnum Margit allan tímann? Hvernig var þetta aftur með stöngina? Mun Helga einhvern tímann læra að bera fram orðið kvíga? Hvað varð um öll kveinin? Er líf eftir Ískisur?

ÍSKISUR - fá 10 í mætingu!

"
"Ískisur",0,39,4.8,5760,NA,"ÍSKISUR - vísindalega þenkjandi og hræðilega málfræði hlaðvarpið Ískisur er skemmtiþáttur þar sem þrjár vinkonur, Birna, Helga og Kristín, deila bókaklúbbnum sínum um Ísfólkið, létterótísku bókaseríuna sem tröllreið íslensku samfélagi á 9. áratuginum og sem nýtur gríðarlegra vinsælda hjá hlustendum Storytel í hljóð- og rafbókarformi. Farið verður yfir allar 47 bækurnar og söguhetjur og atburðir dæmdir út frá nútíma gildum. Í hverjum þætti verður tekin fyrir hálf bók og í lok hvers þáttar kynnir Helga okkur fyrir sinni helstu dægradvöl með innslaginu Net-kisa vikunnar. Nýir hlustendur hljóðbókanna á Storytel geta því verið samferða Ískisunum í lestrinum, en eins geta gamlir aðdáendur öðlast nýja sýn á þessar ástsælu sögur.

"
